{
  "mae": 710.6957944671441,
  "mse": 1335962.8014251774
}